date,price,ticker
,BITO,
2021-10-20,12.425004959106445,BITO
2021-10-21,11.721649169921875,BITO
2021-10-22,11.342700958251953,BITO
2021-10-25,11.649879455566406,BITO
2021-10-26,11.500597953796387,BITO
2021-10-27,10.926427841186523,BITO
2021-10-28,11.35992431640625,BITO
2021-10-29,11.59533405303955,BITO
2021-11-01,11.348441123962402,BITO
2021-11-02,11.764714241027832,BITO
2021-11-03,11.59820556640625,BITO
2021-11-04,11.2824125289917,BITO
2021-11-05,11.270931243896484,BITO
2021-11-08,12.218308448791504,BITO
2021-11-09,12.436491012573242,BITO
2021-11-10,12.146536827087402,BITO
2021-11-11,11.948445320129395,BITO
2021-11-12,11.804903984069824,BITO
2021-11-15,11.73887825012207,BITO
2021-11-16,10.972362518310547,BITO
2021-11-17,11.107291221618652,BITO
2021-11-18,10.65369701385498,BITO
2021-11-19,10.624988555908203,BITO
2021-11-22,10.246036529541016,BITO
2021-11-23,10.624988555908203,BITO
2021-11-24,10.533122062683105,BITO
2021-11-26,9.887181282043457,BITO
2021-11-29,10.64221477508545,BITO
2021-11-30,10.504413604736328,BITO
2021-12-01,10.358003616333008,BITO
2021-12-02,10.418289184570312,BITO
2021-12-03,9.72928524017334,BITO
2021-12-06,8.913966178894043,BITO
2021-12-07,9.224018096923828,BITO
2021-12-08,9.258469581604004,BITO
2021-12-09,8.672815322875977,BITO
2021-12-10,8.827839851379395,BITO
2021-12-13,8.486210823059082,BITO
2021-12-14,8.704397201538086,BITO
2021-12-15,8.97138500213623,BITO
2021-12-16,8.7158784866333,BITO
2021-12-17,8.408699035644531,BITO
2021-12-20,8.549371719360352,BITO
2021-12-21,8.853677749633789,BITO
2021-12-22,8.92544937133789,BITO
2021-12-23,9.284306526184082,BITO
2021-12-27,9.318755149841309,BITO
2021-12-28,8.681427001953125,BITO
2021-12-29,8.58094596862793,BITO
2021-12-30,8.557982444763184,BITO
2021-12-31,8.296735763549805,BITO
2022-01-03,8.311089515686035,BITO
2022-01-04,8.388602256774902,BITO
2022-01-05,7.9350104331970215,BITO
2022-01-06,7.831657886505127,BITO
2022-01-07,7.581897735595703,BITO
2022-01-10,7.553187370300293,BITO
2022-01-11,7.754145622253418,BITO
2022-01-12,7.929268836975098,BITO
2022-01-13,7.739789962768555,BITO
2022-01-14,7.800080299377441,BITO
2022-01-18,7.54457426071167,BITO
2022-01-19,7.521609783172607,BITO
2022-01-20,7.722567081451416,BITO
2022-01-21,6.91873025894165,BITO
2022-01-24,6.740739345550537,BITO
2022-01-25,6.666095733642578,BITO
2022-01-26,6.674708843231201,BITO
2022-01-27,6.404850482940674,BITO
2022-01-28,6.823992729187012,BITO
2022-01-31,6.93595552444458,BITO
2022-02-01,6.9474406242370605,BITO
2022-02-02,6.76944637298584,BITO
2022-02-03,6.5570068359375,BITO
2022-02-04,7.337876796722412,BITO
2022-02-07,7.9895548820495605,BITO
2022-02-08,8.01539421081543,BITO
2022-02-09,8.104389190673828,BITO
2022-02-10,7.963717937469482,BITO
2022-02-11,7.650796413421631,BITO
2022-02-14,7.616343975067139,BITO
2022-02-15,7.980942726135254,BITO
2022-02-16,7.969459533691406,BITO
2022-02-17,7.37806510925293,BITO
2022-02-18,7.208684921264648,BITO
2022-02-22,6.829737186431885,BITO
2022-02-23,6.778060436248779,BITO
2022-02-24,6.907246112823486,BITO
2022-02-25,7.042177677154541,BITO
2022-02-28,7.573281764984131,BITO
2022-03-01,7.9752020835876465,BITO
2022-03-02,7.917783737182617,BITO
2022-03-03,7.581897735595703,BITO
2022-03-04,7.113947868347168,BITO
2022-03-07,6.763704776763916,BITO
2022-03-08,6.933084487915039,BITO
2022-03-09,7.556056499481201,BITO
2022-03-10,7.1369147300720215,BITO
2022-03-11,6.895763397216797,BITO
2022-03-14,6.981889724731445,BITO
2022-03-15,7.162754058837891,BITO
2022-03-16,7.366581439971924,BITO
2022-03-17,7.363708972930908,BITO
2022-03-18,7.587639331817627,BITO
2022-03-21,7.421126842498779,BITO
2022-03-22,7.630701541900635,BITO
2022-03-23,7.607734680175781,BITO
2022-03-24,7.932141304016113,BITO
2022-03-25,8.021134376525879,BITO
2022-03-28,8.649849891662598,BITO
2022-03-29,8.606786727905273,BITO
2022-03-30,8.468985557556152,BITO
2022-03-31,8.199125289916992,BITO
2022-04-01,8.357024192810059,BITO
2022-04-04,8.262283325195312,BITO
2022-04-05,8.279510498046875,BITO
2022-04-06,7.848884582519531,BITO
2022-04-07,7.771371841430664,BITO
2022-04-08,7.659408092498779,BITO
2022-04-11,7.151269435882568,BITO
2022-04-12,7.030694484710693,BITO
2022-04-13,7.369454383850098,BITO
2022-04-14,7.142657279968262,BITO
2022-04-18,7.2890706062316895,BITO
2022-04-19,7.444095134735107,BITO
2022-04-20,7.3895487785339355,BITO
2022-04-21,7.3895487785339355,BITO
2022-04-22,7.070884704589844,BITO
2022-04-25,7.205814361572266,BITO
2022-04-26,6.84982967376709,BITO
2022-04-27,6.956051349639893,BITO
2022-04-28,7.159881114959717,BITO
2022-04-29,6.844088554382324,BITO
2022-05-02,6.890021800994873,BITO
2022-05-03,6.72638463973999,BITO
2022-05-04,7.139787197113037,BITO
2022-05-05,6.490975856781006,BITO
2022-05-06,6.427817344665527,BITO
2022-05-09,5.520630836486816,BITO
2022-05-10,5.580917835235596,BITO
2022-05-11,5.219192028045654,BITO
2022-05-12,5.084262371063232,BITO
2022-05-13,5.362735748291016,BITO
2022-05-16,5.259383201599121,BITO
2022-05-17,5.359862327575684,BITO
2022-05-18,5.204837322235107,BITO
2022-05-19,5.345510959625244,BITO
2022-05-20,5.222062110900879,BITO
2022-05-23,5.179001808166504,BITO
2022-05-24,5.230677127838135,BITO
2022-05-25,5.2679972648620605,BITO
2022-05-26,5.233546257019043,BITO
2022-05-27,5.135937690734863,BITO
2022-05-31,5.635465621948242,BITO
2022-06-01,5.35412073135376,BITO
2022-06-02,5.400055408477783,BITO
2022-06-03,5.2651262283325195,BITO
2022-06-06,5.615368366241455,BITO
2022-06-07,5.537856578826904,BITO
2022-06-08,5.362735748291016,BITO
2022-06-09,5.336897373199463,BITO
2022-06-10,5.153163433074951,BITO
2022-06-13,4.111046314239502,BITO
2022-06-14,3.941666841506958,BITO
2022-06-15,3.8469297885894775,BITO
2022-06-16,3.7091293334960938,BITO
2022-06-17,3.6517114639282227,BITO
2022-06-21,3.7177412509918213,BITO
2022-06-22,3.5799405574798584,BITO
2022-06-23,3.7177412509918213,BITO
2022-06-24,3.7780282497406006,BITO
2022-06-27,3.6947743892669678,BITO
2022-06-28,3.5799405574798584,BITO
2022-06-29,3.5828115940093994,BITO
2022-06-30,3.333047866821289,BITO
2022-07-01,3.433527708053589,BITO
2022-07-05,3.6258742809295654,BITO
2022-07-06,3.605778455734253,BITO
2022-07-07,3.8842499256134033,BITO
2022-07-08,3.8698949813842773,BITO
2022-07-11,3.6344873905181885,BITO
2022-07-12,3.430657148361206,BITO
2022-07-13,3.479461431503296,BITO
2022-07-14,3.6603236198425293,BITO
2022-07-15,3.7608048915863037,BITO
2022-07-18,3.8383171558380127,BITO
2022-07-19,4.16559362411499,BITO
2022-07-20,4.202913284301758,BITO
2022-07-21,4.131141662597656,BITO
2022-07-22,4.013437747955322,BITO
2022-07-25,3.887120246887207,BITO
2022-07-26,3.7091293334960938,BITO
2022-07-27,4.053630352020264,BITO
2022-07-28,4.245976448059082,BITO
2022-07-29,4.257458209991455,BITO
2022-08-01,4.079467296600342,BITO
2022-08-02,4.07372522354126,BITO
2022-08-03,4.171335220336914,BITO
2022-08-04,3.9703760147094727,BITO
2022-08-05,4.067984104156494,BITO
2022-08-08,4.245976448059082,BITO
2022-08-09,4.085209369659424,BITO
2022-08-10,4.191430568695068,BITO
2022-08-11,4.300522327423096,BITO
2022-08-12,4.29478120803833,BITO
2022-08-15,4.248847007751465,BITO
2022-08-16,4.240235328674316,BITO
2022-08-17,4.108175754547119,BITO
2022-08-18,4.131141662597656,BITO
2022-08-19,3.755064010620117,BITO
2022-08-22,3.7119998931884766,BITO
2022-08-23,3.8038673400878906,BITO
2022-08-24,3.8325753211975098,BITO
2022-08-25,3.800995111465454,BITO
2022-08-26,3.614391326904297,BITO
2022-08-29,3.5368781089782715,BITO
2022-08-30,3.4966862201690674,BITO
2022-08-31,3.5483617782592773,BITO
2022-09-01,3.4880733489990234,BITO
2022-09-02,3.4966862201690674,BITO
2022-09-06,3.292856454849243,BITO
2022-09-07,3.3474020957946777,BITO
2022-09-08,3.41630220413208,BITO
2022-09-09,3.7808995246887207,BITO
2022-09-12,3.9761176109313965,BITO
2022-09-13,3.585681676864624,BITO
2022-09-14,3.5253963470458984,BITO
2022-09-15,3.4909448623657227,BITO
2022-09-16,3.462237596511841,BITO
2022-09-19,3.4450109004974365,BITO
2022-09-20,3.3445308208465576,BITO
2022-09-21,3.350273847579956,BITO
2022-09-22,3.4076907634735107,BITO
2022-09-23,3.3158228397369385,BITO
2022-09-26,3.390465259552002,BITO
2022-09-27,3.3703696727752686,BITO
2022-09-28,3.459365129470825,BITO
2022-09-29,3.433527708053589,BITO
2022-09-30,3.4421398639678955,BITO
2022-10-03,3.462237596511841,BITO
2022-10-04,3.5942959785461426,BITO
2022-10-05,3.562715768814087,BITO
2022-10-06,3.5454912185668945,BITO
2022-10-07,3.433527708053589,BITO
2022-10-10,3.38472318649292,BITO
2022-10-11,3.3474020957946777,BITO
2022-10-12,3.3789825439453125,BITO
2022-10-13,3.430657148361206,BITO
2022-10-14,3.387594699859619,BITO
2022-10-17,3.459365129470825,BITO
2022-10-18,3.3990776538848877,BITO
2022-10-19,3.3990776538848877,BITO
2022-10-20,3.3703696727752686,BITO
2022-10-21,3.3990776538848877,BITO
2022-10-24,3.4277844429016113,BITO
2022-10-25,3.6000373363494873,BITO
2022-10-26,3.686161994934082,BITO
2022-10-27,3.6718082427978516,BITO
2022-10-28,3.6574535369873047,BITO
2022-10-31,3.6086487770080566,BITO
2022-11-01,3.6258742809295654,BITO
2022-11-02,3.5799405574798584,BITO
2022-11-03,3.5885534286499023,BITO
2022-11-04,3.749321699142456,BITO
2022-11-07,3.689032554626465,BITO
2022-11-08,3.1952481269836426,BITO
2022-11-09,2.7732341289520264,BITO
2022-11-10,3.1177351474761963,BITO
2022-11-11,2.8076841831207275,BITO
2022-11-14,2.8162970542907715,BITO
2022-11-15,2.9483554363250732,BITO
2022-11-16,2.8708434104919434,BITO
2022-11-17,2.916776180267334,BITO
2022-11-18,2.91103458404541,BITO
2022-11-21,2.7531392574310303,BITO
2022-11-22,2.8105549812316895,BITO
2022-11-23,2.9253885746002197,BITO
2022-11-25,2.9253885746002197,BITO
2022-11-28,2.867971658706665,BITO
2022-11-29,2.916776180267334,BITO
2022-11-30,3.0718016624450684,BITO
2022-12-01,3.0258681774139404,BITO
2022-12-02,3.054577112197876,BITO
2022-12-05,3.0229971408843994,BITO
2022-12-06,3.045964479446411,BITO
2022-12-07,3.005772590637207,BITO
2022-12-08,3.0947678089141846,BITO
2022-12-09,3.060318946838379,BITO
2022-12-12,3.0775437355041504,BITO
2022-12-13,3.1866345405578613,BITO
2022-12-14,3.198117733001709,BITO
2022-12-15,3.1234772205352783,BITO
2022-12-16,3.0143842697143555,BITO
2022-12-19,2.9627106189727783,BITO
2022-12-20,3.0287399291992188,BITO
2022-12-21,3.0086426734924316,BITO
2022-12-22,3.002901792526245,BITO
2022-12-23,3.0143842697143555,BITO
2022-12-27,2.977064371109009,BITO
2022-12-28,2.971323013305664,BITO
2022-12-29,2.971323013305664,BITO
2022-12-30,2.994288682937622,BITO
2023-01-03,3.0115139484405518,BITO
2023-01-04,3.040222644805908,BITO
2023-01-05,3.054577112197876,BITO
2023-01-06,3.0631892681121826,BITO
2023-01-09,3.1234772205352783,BITO
2023-01-10,3.180894374847412,BITO
2023-01-11,3.1952481269836426,BITO
2023-01-12,3.4737203121185303,BITO
2023-01-13,3.5541036128997803,BITO
2023-01-17,3.910088300704956,BITO
2023-01-18,3.7780282497406006,BITO
2023-01-19,3.849799633026123,BITO
2023-01-20,4.07372522354126,BITO
2023-01-23,4.211526870727539,BITO
2023-01-24,4.197170734405518,BITO
2023-01-25,4.17707633972168,BITO
2023-01-26,4.220139503479004,BITO
2023-01-27,4.205783843994141,BITO
2023-01-30,4.125400066375732,BITO
2023-01-31,4.200044631958008,BITO
2023-02-01,4.289665222167969,BITO
2023-02-02,4.341872215270996,BITO
2023-02-03,4.243259429931641,BITO
2023-02-06,4.176550388336182,BITO
2023-02-07,4.20845365524292,BITO
2023-02-08,4.13594388961792,BITO
2023-02-09,3.976423501968384,BITO
2023-02-10,3.9300172328948975,BITO
2023-02-13,3.9242172241210938,BITO
2023-02-14,4.031529903411865,BITO
2023-02-15,4.376676559448242,BITO
2023-02-16,4.454986572265625,BITO
2023-02-17,4.504293441772461,BITO
2023-02-21,4.428882122039795,BITO
2023-02-22,4.304166793823242,BITO
2023-02-23,4.336070537567139,BITO
2023-02-24,4.182351589202881,BITO
2023-02-27,4.199753284454346,BITO
2023-02-28,4.191051483154297,BITO
2023-03-01,4.214710235595703,BITO
2023-03-02,4.22931432723999,BITO
2023-03-03,3.9985709190368652,BITO
2023-03-06,4.013174533843994,BITO
2023-03-07,3.95767879486084,BITO
2023-03-08,3.96352219581604,BITO
2023-03-09,3.6071839332580566,BITO
2023-03-10,3.5779757499694824,BITO
2023-03-13,4.3753533363342285,BITO
2023-03-14,4.518473148345947,BITO
2023-03-15,4.395799160003662,BITO
2023-03-16,4.500949382781982,BITO
2023-03-17,4.863127708435059,BITO
2023-03-20,5.01500940322876,BITO
2023-03-21,5.085109233856201,BITO
2023-03-22,4.795948028564453,BITO
2023-03-23,5.13476037979126,BITO
2023-03-24,5.012087345123291,BITO
2023-03-27,4.848521709442139,BITO
2023-03-28,4.930304050445557,BITO
2023-03-29,5.1084747314453125,BITO
2023-03-30,5.032533645629883,BITO
2023-03-31,5.117236614227295,BITO
2023-04-03,5.028724193572998,BITO
2023-04-04,5.049726486206055,BITO
2023-04-05,5.052727222442627,BITO
2023-04-06,5.007720947265625,BITO
2023-04-10,5.241753578186035,BITO
2023-04-11,5.403776168823242,BITO
2023-04-12,5.3377685546875,BITO
2023-04-13,5.448784351348877,BITO
2023-04-14,5.433784008026123,BITO
2023-04-17,5.265757083892822,BITO
2023-04-18,5.406777858734131,BITO
2023-04-19,5.220752239227295,BITO
2023-04-20,5.007720947265625,BITO
2023-04-21,4.866700172424316,BITO
2023-04-24,4.884703159332275,BITO
2023-04-25,4.926708698272705,BITO
2023-04-26,4.980717658996582,BITO
2023-04-27,5.310764312744141,BITO
2023-04-28,5.223752021789551,BITO
2023-05-01,4.943089962005615,BITO
2023-05-02,5.115235805511475,BITO
2023-05-03,5.035312175750732,BITO
2023-05-04,5.14597749710083,BITO
2023-05-05,5.284310817718506,BITO
2023-05-08,4.860090255737305,BITO
2023-05-09,4.921571254730225,BITO
2023-05-10,4.921571254730225,BITO
2023-05-11,4.767867565155029,BITO
2023-05-12,4.700240135192871,BITO
2023-05-15,4.875461101531982,BITO
2023-05-16,4.786313056945801,BITO
2023-05-17,4.8723859786987305,BITO
2023-05-18,4.752497673034668,BITO
2023-05-19,4.774016380310059,BITO
2023-05-22,4.774016380310059,BITO
2023-05-23,4.832423686981201,BITO
2023-05-24,4.657201766967773,BITO
2023-05-25,4.684869289398193,BITO
2023-05-26,4.746349811553955,BITO
2023-05-30,4.955385684967041,BITO
2023-05-31,4.770942211151123,BITO
2023-06-01,4.748181343078613,BITO
2023-06-02,4.833535194396973,BITO
2023-06-05,4.526895999908447,BITO
2023-06-06,4.805084228515625,BITO
2023-06-07,4.691279411315918,BITO
2023-06-08,4.707086086273193,BITO
2023-06-09,4.672312259674072,BITO
2023-06-12,4.5711517333984375,BITO
2023-06-13,4.577474117279053,BITO
2023-06-14,4.577474117279053,BITO
2023-06-15,4.501605033874512,BITO
2023-06-16,4.672312259674072,BITO
2023-06-20,4.991597652435303,BITO
2023-06-21,5.348817825317383,BITO
2023-06-22,5.367786407470703,BITO
2023-06-23,5.503719329833984,BITO
2023-06-26,5.3646240234375,BITO
2023-06-27,5.440491199493408,BITO
2023-06-28,5.339334964752197,BITO
2023-06-29,5.434171676635742,BITO
2023-06-30,5.367786407470703,BITO
2023-07-03,5.503986835479736,BITO
2023-07-05,5.372389793395996,BITO
2023-07-06,5.3427815437316895,BITO
2023-07-07,5.326332092285156,BITO
2023-07-10,5.448057174682617,BITO
2023-07-11,5.395419120788574,BITO
2023-07-12,5.332911491394043,BITO
2023-07-13,5.605973243713379,BITO
2023-07-14,5.306591510772705,BITO
2023-07-17,5.253953456878662,BITO
2023-07-18,5.221055507659912,BITO
2023-07-19,5.276982307434082,BITO
2023-07-20,5.224344730377197,BITO
2023-07-21,5.247374534606934,BITO
2023-07-24,5.1059112548828125,BITO
2023-07-25,5.122358798980713,BITO
2023-07-26,5.155256748199463,BITO
2023-07-27,5.0894598960876465,BITO
2023-07-28,5.132228851318359,BITO
2023-07-31,5.092750549316406,BITO
2023-08-01,5.11467981338501,BITO
2023-08-02,5.087689399719238,BITO
2023-08-03,5.11467981338501,BITO
2023-08-04,5.06069803237915,BITO
2023-08-07,5.091064453125,BITO
2023-08-08,5.239510536193848,BITO
2023-08-09,5.131549835205078,BITO
2023-08-10,5.134922027587891,BITO
2023-08-11,5.131549835205078,BITO
2023-08-14,5.11467981338501,BITO
2023-08-15,5.084315776824951,BITO
2023-08-16,5.0708208084106445,BITO
2023-08-17,4.851523399353027,BITO
2023-08-18,4.5343852043151855,BITO
2023-08-21,4.537759780883789,BITO
2023-08-22,4.48377799987793,BITO
2023-08-23,4.622104644775391,BITO
2023-08-24,4.520890712738037,BITO
2023-08-25,4.504022598266602,BITO
2023-08-28,4.507395267486572,BITO
2023-08-29,4.834654808044434,BITO
2023-08-30,4.706450462341309,BITO
2023-08-31,4.5343852043151855,BITO
2023-09-01,4.444947242736816,BITO
2023-09-05,4.448322296142578,BITO
2023-09-06,4.448322296142578,BITO
2023-09-07,4.488823413848877,BITO
2023-09-08,4.498948097229004,BITO
2023-09-11,4.326821327209473,BITO
2023-09-12,4.5158233642578125,BITO
2023-09-13,4.5326972007751465,BITO
2023-09-14,4.6238250732421875,BITO
2023-09-15,4.579948425292969,BITO
2023-09-18,4.6474504470825195,BITO
2023-09-19,4.721701145172119,BITO
2023-09-20,4.667700290679932,BITO
2023-09-21,4.6137003898620605,BITO
2023-09-22,4.596825122833252,BITO
2023-09-25,4.563074111938477,BITO
2023-09-26,4.54619836807251,BITO
2023-09-27,4.54619836807251,BITO
2023-09-28,4.711576461791992,BITO
2023-09-29,4.660950660705566,BITO
2023-10-02,4.8421502113342285,BITO
2023-10-03,4.709812641143799,BITO
2023-10-04,4.781071186065674,BITO
2023-10-05,4.750531196594238,BITO
2023-10-06,4.848936557769775,BITO
2023-10-09,4.774284839630127,BITO
2023-10-10,4.730173587799072,BITO
2023-10-11,4.6181960105896,BITO
2023-10-12,4.608016014099121,BITO
2023-10-13,4.621590614318848,BITO
2023-10-16,4.926980972290039,BITO
2023-10-17,4.933767795562744,BITO
2023-10-18,4.879475116729736,BITO
2023-10-19,4.984665870666504,BITO
2023-10-20,5.120394229888916,BITO
2023-10-23,5.4325737953186035,BITO
2023-10-24,5.829581260681152,BITO
2023-10-25,6.019604206085205,BITO
2023-10-26,5.863513469696045,BITO
2023-10-27,5.8058295249938965,BITO
2023-10-30,5.948344707489014,BITO
2023-10-31,5.9687042236328125,BITO
2023-11-01,5.996068000793457,BITO
2023-11-02,6.050796031951904,BITO
2023-11-03,5.961863040924072,BITO
2023-11-06,6.057635307312012,BITO
2023-11-07,6.204715251922607,BITO
2023-11-08,6.160250663757324,BITO
2023-11-09,6.3107523918151855,BITO
2023-11-10,6.447567939758301,BITO
2023-11-13,6.341534614562988,BITO
2023-11-14,6.067898750305176,BITO
2023-11-15,6.498876571655273,BITO
2023-11-16,6.194455623626709,BITO
2023-11-17,6.286808013916016,BITO
2023-11-20,6.48177433013916,BITO
2023-11-21,6.351795196533203,BITO
2023-11-22,6.495456218719482,BITO
2023-11-24,6.536501884460449,BITO
2023-11-27,6.293647766113281,BITO
2023-11-28,6.580967903137207,BITO
2023-11-29,6.440728664398193,BITO
2023-11-30,6.454410552978516,BITO
2023-12-01,6.635890960693359,BITO
2023-12-04,7.145549297332764,BITO
2023-12-05,7.500242710113525,BITO
2023-12-06,7.483023643493652,BITO
2023-12-07,7.3969340324401855,BITO
2023-12-08,7.606995105743408,BITO
2023-12-11,6.956148147583008,BITO
2023-12-12,7.021576881408691,BITO
2023-12-13,7.321174144744873,BITO
2023-12-14,7.3142852783203125,BITO
2023-12-15,7.193758487701416,BITO
2023-12-18,7.145549297332764,BITO
2023-12-19,7.1868720054626465,BITO
2023-12-20,7.411255359649658,BITO
2023-12-21,7.449404716491699,BITO
2023-12-22,7.435533046722412,BITO
2023-12-26,7.161555290222168,BITO
2023-12-27,7.390446662902832,BITO
2023-12-28,7.220511436462402,BITO
2023-12-29,7.106065273284912,BITO
2024-01-02,7.5915961265563965,BITO
2024-01-03,7.2135748863220215,BITO
2024-01-04,7.463275909423828,BITO
2024-01-05,7.425127983093262,BITO
2024-01-08,7.9245285987854,BITO
2024-01-09,7.879444122314453,BITO
2024-01-10,7.754594326019287,BITO
2024-01-11,7.744190692901611,BITO
2024-01-12,7.303746700286865,BITO
2024-01-16,7.251725196838379,BITO
2024-01-17,7.17195987701416,BITO
2024-01-18,6.839024543762207,BITO
2024-01-19,6.967343330383301,BITO
2024-01-22,6.724578380584717,BITO
2024-01-23,6.561580181121826,BITO
2024-01-24,6.627473831176758,BITO
2024-01-25,6.665621280670166,BITO
2024-01-26,7.0401716232299805,BITO
2024-01-29,7.227447509765625,BITO
2024-01-30,7.289873123168945,BITO
2024-01-31,7.1164703369140625,BITO
2024-02-01,7.196232318878174,BITO
2024-02-02,7.182114601135254,BITO
2024-02-05,7.076235771179199,BITO
2024-02-06,7.206820964813232,BITO
2024-02-07,7.393873691558838,BITO
2024-02-08,7.616218566894531,BITO
2024-02-09,7.955029487609863,BITO
2024-02-12,8.406779289245605,BITO
2024-02-13,8.26913833618164,BITO
2024-02-14,8.667949676513672,BITO
2024-02-15,8.667949676513672,BITO
2024-02-16,8.685593605041504,BITO
2024-02-20,8.703240394592285,BITO
2024-02-21,8.505600929260254,BITO
2024-02-22,8.6820650100708,BITO
2024-02-23,8.523246765136719,BITO
2024-02-26,9.105581283569336,BITO
2024-02-27,9.50439167022705,BITO
2024-02-28,10.04084300994873,BITO
2024-02-29,10.316129684448242,BITO
2024-03-01,10.49563980102539,BITO
2024-03-04,11.27014446258545,BITO
2024-03-05,10.300203323364258,BITO
2024-03-06,11.157950401306152,BITO
2024-03-07,11.259286880493164,BITO
2024-03-08,11.509016036987305,BITO
2024-03-11,12.004841804504395,BITO
2024-03-12,11.86731243133545,BITO
2024-03-13,12.178561210632324,BITO
2024-03-14,11.498157501220703,BITO
2024-03-15,11.465583801269531,BITO
2024-03-18,11.081949234008789,BITO
2024-03-19,10.6476469039917,BITO
2024-03-20,10.897369384765625,BITO
2024-03-21,10.785175323486328,BITO
2024-03-22,10.553547859191895,BITO
2024-03-25,11.755118370056152,BITO
2024-03-26,11.4764404296875,BITO
2024-03-27,11.313577651977539,BITO
2024-03-28,11.689972877502441,BITO
2024-04-01,11.496735572814941,BITO
2024-04-02,10.847603797912598,BITO
2024-04-03,10.84009838104248,BITO
2024-04-04,11.267852783203125,BITO
2024-04-05,11.072735786437988,BITO
2024-04-08,11.815673828125,BITO
2024-04-09,11.339141845703125,BITO
2024-04-10,11.519246101379395,BITO
2024-04-11,11.594291687011719,BITO
2024-04-12,10.986433982849121,BITO
2024-04-15,10.386085510253906,BITO
2024-04-16,10.303535461425781,BITO
2024-04-17,9.995854377746582,BITO
2024-04-18,10.419854164123535,BITO
2024-04-19,10.543675422668457,BITO
2024-04-22,10.89262866973877,BITO
2024-04-23,10.885124206542969,BITO
2024-04-24,10.449870109558105,BITO
2024-04-25,10.588703155517578,BITO
2024-04-26,10.39358901977539,BITO
2024-04-29,10.284773826599121,BITO
2024-04-30,9.609378814697266,BITO
2024-05-01,9.260405540466309,BITO
2024-05-02,9.690096855163574,BITO
2024-05-03,10.127816200256348,BITO
2024-05-06,10.304509162902832,BITO
2024-05-07,10.284433364868164,BITO
2024-05-08,10.127816200256348,BITO
2024-05-09,10.184037208557129,BITO
2024-05-10,9.894901275634766,BITO
2024-05-13,10.312541961669922,BITO
2024-05-14,10.0314359664917,BITO
2024-05-15,10.778376579284668,BITO
2024-05-16,10.637821197509766,BITO
2024-05-17,10.930974006652832,BITO
2024-05-20,11.432947158813477,BITO
2024-05-21,11.288378715515137,BITO
2024-05-22,11.352631568908691,BITO
2024-05-23,10.922945022583008,BITO
2024-05-24,11.27231502532959,BITO
2024-05-28,11.127747535705566,BITO
2024-05-29,10.934988975524902,BITO
2024-05-30,11.191999435424805,BITO
2024-05-31,10.955068588256836,BITO
2024-06-03,11.23332405090332,BITO
2024-06-04,11.452324867248535,BITO
2024-06-05,11.581146240234375,BITO
2024-06-06,11.439441680908203,BITO
2024-06-07,11.23332405090332,BITO
2024-06-10,11.263382911682129,BITO
2024-06-11,10.91986083984375,BITO
2024-06-12,10.945621490478516,BITO
2024-06-13,10.791035652160645,BITO
2024-06-14,10.602095603942871,BITO
2024-06-17,10.803916931152344,BITO
2024-06-18,10.40027141571045,BITO
2024-06-20,10.511918067932129,BITO
2024-06-21,10.391684532165527,BITO
2024-06-24,9.562926292419434,BITO
2024-06-25,10.01380443572998,BITO
2024-06-26,9.846335411071777,BITO
2024-06-27,9.91504192352295,BITO
2024-06-28,9.665984153747559,BITO
2024-07-01,10.191913604736328,BITO
2024-07-02,9.980257034301758,BITO
2024-07-03,9.736384391784668,BITO
2024-07-05,9.092201232910156,BITO
2024-07-08,9.096802711486816,BITO
2024-07-09,9.33146858215332,BITO
2024-07-10,9.24404239654541,BITO
2024-07-11,9.24404239654541,BITO
2024-07-12,9.303860664367676,BITO
2024-07-15,10.219523429870605,BITO
2024-07-16,10.514006614685059,BITO
2024-07-17,10.40817642211914,BITO
2024-07-18,10.224124908447266,BITO
2024-07-19,10.831497192382812,BITO
2024-07-22,10.987942695617676,BITO
2024-07-23,10.54621696472168,BITO
2024-07-24,10.564620971679688,BITO
2024-07-25,10.385170936584473,BITO
2024-07-26,10.93272590637207,BITO
2024-07-29,10.780884742736816,BITO
2024-07-30,10.560020446777344,BITO
2024-07-31,10.440386772155762,BITO
2024-08-01,10.12928295135498,BITO
2024-08-02,10.00149917602539,BITO
2024-08-05,8.556567192077637,BITO
2024-08-06,9.092273712158203,BITO
2024-08-07,8.748238563537598,BITO
2024-08-08,9.534597396850586,BITO
2024-08-09,9.731188774108887,BITO
2024-08-12,9.436305046081543,BITO
2024-08-13,9.731188774108887,BITO
2024-08-14,9.406816482543945,BITO
2024-08-15,9.121760368347168,BITO
2024-08-16,9.559172630310059,BITO
2024-08-19,9.436305046081543,BITO
2024-08-20,9.510024070739746,BITO
2024-08-21,9.844228744506836,BITO
2024-08-22,9.632893562316895,BITO
2024-08-23,10.168601036071777,BITO
2024-08-26,10.114538192749023,BITO
2024-08-27,9.913034439086914,BITO
2024-08-28,9.387155532836914,BITO
2024-08-29,9.441219329833984,BITO
2024-08-30,9.338008880615234,BITO
2024-09-03,9.23250961303711,BITO
2024-09-04,9.24825668334961,BITO
2024-09-05,8.907089233398438,BITO
2024-09-06,8.497688293457031,BITO
2024-09-09,9.101290702819824,BITO
2024-09-10,9.23250961303711,BITO
2024-09-11,9.169525146484375,BITO
2024-09-12,9.29024600982666,BITO
2024-09-13,9.510693550109863,BITO
2024-09-16,9.211514472961426,BITO
2024-09-17,9.542183876037598,BITO
2024-09-18,9.547433853149414,BITO
2024-09-19,10.061809539794922,BITO
2024-09-20,9.993575096130371,BITO
2024-09-23,10.067056655883789,BITO
2024-09-24,10.235017776489258,BITO
2024-09-25,10.040812492370605,BITO
2024-09-26,10.292753219604492,BITO
2024-09-27,10.434467315673828,BITO
2024-09-30,10.072306632995605,BITO
2024-10-01,9.789041519165039,BITO
2024-10-02,9.538610458374023,BITO
2024-10-03,9.672173500061035,BITO
2024-10-04,9.889213562011719,BITO
2024-10-07,10.033907890319824,BITO
2024-10-08,9.861388206481934,BITO
2024-10-09,9.655479431152344,BITO
2024-10-10,9.455133438110352,BITO
2024-10-11,10.006081581115723,BITO
2024-10-14,10.445725440979004,BITO
2024-10-15,10.618243217468262,BITO
2024-10-16,10.723981857299805,BITO
2024-10-17,10.579288482666016,BITO
2024-10-18,10.863110542297363,BITO
2024-10-21,10.723981857299805,BITO
2024-10-22,10.679461479187012,BITO
2024-10-23,10.50137710571289,BITO
2024-10-24,10.796326637268066,BITO
2024-10-25,10.551461219787598,BITO
2024-10-28,11.013368606567383,BITO
2024-10-29,11.48640251159668,BITO
2024-10-30,11.386229515075684,BITO
2024-10-31,11.063453674316406,BITO
2024-11-01,10.942777633666992,BITO
2024-11-04,10.614730834960938,BITO
2024-11-05,10.972067832946777,BITO
2024-11-06,12.032369613647461,BITO
2024-11-07,12.10852336883545,BITO
2024-11-08,12.1260986328125,BITO
2024-11-11,13.772199630737305,BITO
2024-11-12,14.170544624328613,BITO
2024-11-13,14.170544624328613,BITO
2024-11-14,13.813209533691406,BITO
2024-11-15,14.445874214172363,BITO
2024-11-18,14.451727867126465,BITO
2024-11-19,14.61575698852539,BITO
2024-11-20,14.891083717346191,BITO
2024-11-21,15.48274040222168,BITO
2024-11-22,15.635050773620605,BITO
2024-11-25,14.926229476928711,BITO
2024-11-26,14.293562889099121,BITO
2024-11-27,15.224992752075195,BITO
2024-11-29,15.312857627868652,BITO
2024-12-02,15.042461395263672,BITO
2024-12-03,15.024188041687012,BITO
2024-12-04,15.5601167678833,BITO
2024-12-05,15.523575782775879,BITO
2024-12-06,15.907251358032227,BITO
2024-12-09,15.048551559448242,BITO
2024-12-10,15.109452247619629,BITO
2024-12-11,15.8889799118042,BITO
2024-12-12,15.639286994934082,BITO
2024-12-13,15.8889799118042,BITO
2024-12-16,16.558887481689453,BITO
2024-12-17,16.698957443237305,BITO
2024-12-18,15.712368965148926,BITO
2024-12-19,15.054640769958496,BITO
2024-12-20,15.054640769958496,BITO
2024-12-23,14.501740455627441,BITO
2024-12-24,15.464693069458008,BITO
2024-12-26,14.877994537353516,BITO
2024-12-27,14.70580768585205,BITO
2024-12-30,14.661168098449707,BITO
2024-12-31,14.527247428894043,BITO
2025-01-02,15.139456748962402,BITO
2025-01-03,15.305265426635742,BITO
2025-01-06,15.898346900939941,BITO
2025-01-07,14.948142051696777,BITO
2025-01-08,14.565508842468262,BITO
2025-01-10,14.699429512023926,BITO
2025-01-13,14.501740455627441,BITO
2025-01-14,14.948142051696777,BITO
2025-01-15,15.445562362670898,BITO
2025-01-16,15.566730499267578,BITO
2025-01-17,16.25546646118164,BITO
2025-01-21,16.459537506103516,BITO
2025-01-22,16.147056579589844,BITO
2025-01-23,15.962114334106445,BITO
2025-01-24,16.22357940673828,BITO
2025-01-27,15.656012535095215,BITO
2025-01-28,15.649633407592773,BITO
2025-01-29,16.140676498413086,BITO
2025-01-30,16.23633575439453,BITO
2025-01-31,15.681517601013184,BITO
2025-02-03,15.639750480651855,BITO
2025-02-04,15.248592376708984,BITO
2025-02-05,15.049697875976562,BITO
2025-02-06,14.950246810913086,BITO
2025-02-07,14.771245002746582,BITO
2025-02-10,15.023178100585938,BITO
2025-02-11,14.678425788879395,BITO
2025-02-12,14.956876754760742,BITO
2025-02-13,14.837541580200195,BITO
2025-02-14,14.996657371520996,BITO
2025-02-18,14.486162185668945,BITO
2025-02-19,14.797761917114258,BITO
2025-02-20,15.169034004211426,BITO
2025-02-21,14.559090614318848,BITO
2025-02-24,14.459641456604004,BITO
2025-02-25,13.538098335266113,BITO
2025-02-26,12.97456169128418,BITO
2025-02-27,12.815447807312012,BITO
2025-02-28,12.954671859741211,BITO
2025-03-03,13.223127365112305,BITO
2025-03-04,13.340145111083984,BITO
2025-03-05,13.897706985473633,BITO
2025-03-06,13.677434921264648,BITO
2025-03-07,13.347025871276855,BITO
2025-03-10,12.09424114227295,BITO
2025-03-11,12.727518081665039,BITO
2025-03-12,12.720635414123535,BITO
2025-03-13,12.286974906921387,BITO
2025-03-14,12.989089965820312,BITO
2025-03-17,12.961556434631348,BITO
2025-03-18,12.617383003234863,BITO
2025-03-19,13.106107711791992,BITO
2025-03-20,12.899605751037598,BITO
2025-03-21,12.865187644958496,BITO
2025-03-24,13.526000022888184,BITO
2025-03-25,13.512232780456543,BITO
2025-03-26,13.257545471191406,BITO
2025-03-27,13.340145111083984,BITO
2025-03-28,12.844536781311035,BITO
2025-03-31,12.61050033569336,BITO
2025-04-01,12.983359336853027,BITO
2025-04-02,13.292318344116211,BITO
2025-04-03,12.519917488098145,BITO
2025-04-04,12.856965065002441,BITO
2025-04-07,11.937106132507324,BITO
2025-04-08,11.719429016113281,BITO
2025-04-09,12.59715747833252,BITO
2025-04-10,12.15478229522705,BITO
2025-04-11,12.828879356384277,BITO
2025-04-14,12.997403144836426,BITO
2025-04-15,12.842923164367676,BITO
2025-04-16,12.885052680969238,BITO
2025-04-17,12.997403144836426,BITO
2025-04-21,13.369559288024902,BITO
2025-04-22,13.987479209899902,BITO
2025-04-23,14.282397270202637,BITO
2025-04-24,14.317505836486816,BITO
2025-04-25,14.570292472839355,BITO
2025-04-28,14.471985816955566,BITO
2025-04-29,14.549225807189941,BITO
2025-04-30,14.345592498779297,BITO
2025-05-01,14.73155689239502,BITO
2025-05-02,14.76762866973877,BITO
2025-05-05,14.349197387695312,BITO
2025-05-06,14.464629173278809,BITO
2025-05-07,14.659415245056152,BITO
2025-05-08,15.438557624816895,BITO
2025-05-09,15.719915390014648,BITO
2025-05-12,15.481840133666992,BITO
2025-05-13,15.965198516845703,BITO
2025-05-14,15.712698936462402,BITO
2025-05-15,15.705485343933105,BITO
2025-05-16,15.84976863861084,BITO
2025-05-19,16.051769256591797,BITO
2025-05-20,16.289840698242188,BITO
2025-05-21,16.52069854736328,BITO
2025-05-22,16.90305519104004,BITO
2025-05-23,16.513486862182617,BITO
2025-05-27,16.715482711791992,BITO
2025-05-28,16.246557235717773,BITO
2025-05-29,16.044553756713867,BITO
2025-05-30,15.878628730773926,BITO
2025-06-02,15.831021308898926,BITO
2025-06-03,16.103055953979492,BITO
2025-06-04,15.914142608642578,BITO
2025-06-05,15.438077926635742,BITO
2025-06-06,15.808350563049316,BITO
2025-06-09,16.46577262878418,BITO
2025-06-10,16.601789474487305,BITO
2025-06-11,16.473329544067383,BITO
2025-06-12,16.171066284179688,BITO
2025-06-13,15.914142608642578,BITO
2025-06-16,16.450660705566406,BITO
2025-06-17,15.846131324768066,BITO
2025-06-18,15.702560424804688,BITO
2025-06-20,15.619437217712402,BITO
2025-06-23,15.6118803024292,BITO
2025-06-24,15.982152938842773,BITO
2025-06-25,16.29197120666504,BITO
2025-06-26,16.276859283447266,BITO
2025-06-27,16.148395538330078,BITO
2025-06-30,16.254188537597656,BITO
2025-07-01,15.89120864868164,BITO
2025-07-02,16.565427780151367,BITO
2025-07-03,16.518388748168945,BITO
2025-07-07,16.298877716064453,BITO
2025-07-08,16.408634185791016,BITO
2025-07-09,16.863338470458984,BITO
2025-07-10,17.106372833251953,BITO
2025-07-11,17.81195068359375,BITO
2025-07-14,18.070659637451172,BITO
2025-07-15,17.553239822387695,BITO
2025-07-16,17.976585388183594,BITO
2025-07-17,17.929548263549805,BITO
2025-07-18,17.670835494995117,BITO
2025-07-21,17.592437744140625,BITO
2025-07-22,17.976585388183594,BITO
2025-07-23,17.84330940246582,BITO
2025-07-24,17.913867950439453,BITO
2025-07-25,17.600276947021484,BITO
2025-07-28,17.772750854492188,BITO
2025-07-29,17.678674697875977,BITO
2025-07-30,17.576757431030273,BITO
2025-07-31,17.561079025268555,BITO
2025-08-01,16.98844337463379,BITO
2025-08-04,17.228769302368164,BITO
2025-08-05,17.071313858032227,BITO
2025-08-06,17.31163787841797,BITO
2025-08-07,17.667980194091797,BITO
2025-08-08,17.47737693786621,BITO
2025-08-11,17.87515640258789,BITO
2025-08-12,17.9663143157959,BITO
2025-08-13,18.455251693725586,BITO
2025-08-14,17.71770477294922,BITO
2025-08-15,17.54367446899414,BITO
2025-08-18,17.444231033325195,BITO
2025-08-19,16.955291748046875,BITO
2025-08-20,17.137611389160156,BITO
2025-08-21,16.814414978027344,BITO
2025-08-22,17.48566436767578,BITO
2025-08-25,16.607236862182617,BITO
2025-08-26,16.65696144104004,BITO
2025-08-27,16.789554595947266,BITO
2025-08-28,16.781267166137695,BITO
2025-08-29,16.192888259887695,BITO
2025-09-02,16.575193405151367,BITO
2025-09-03,16.783246994018555,BITO
2025-09-04,16.41914939880371,BITO
2025-09-05,16.67922019958496,BITO
2025-09-08,16.74856948852539,BITO
2025-09-09,16.635875701904297,BITO
2025-09-10,16.97396469116211,BITO
2025-09-11,17.1126708984375,BITO
2025-09-12,17.459430694580078,BITO
2025-09-15,17.216699600219727,BITO
2025-09-16,17.442092895507812,BITO
2025-09-17,17.260042190551758,BITO
2025-09-18,17.54612159729004,BITO
2025-09-19,17.190690994262695,BITO
2025-09-22,16.731231689453125,BITO
2025-09-23,16.65321159362793,BITO
2025-09-24,16.904613494873047,BITO
2025-09-25,16.297780990600586,BITO
2025-09-26,16.245765686035156,BITO
2025-09-29,17.07799530029297,BITO
2025-09-30,17.060657501220703,BITO
2025-10-01,17.5078182220459,BITO
2025-10-02,18.039724349975586,BITO
2025-10-03,18.292156219482422,BITO
2025-10-06,18.706859588623047,BITO
2025-10-07,18.129878997802734,BITO
2025-10-08,18.373291015625,BITO
2025-10-09,18.02169418334961,BITO
2025-10-10,17.345542907714844,BITO
2025-10-13,17.24637222290039,BITO
2025-10-14,16.75052833557129,BITO
2025-10-15,16.543176651000977,BITO
2025-10-16,16.092409133911133,BITO
2025-10-17,15.812933921813965,BITO
2025-10-20,16.471052169799805,BITO
2025-10-21,16.615299224853516,BITO
2025-10-22,16.011268615722656,BITO
2025-10-23,16.371883392333984,BITO
2025-10-24,16.416959762573242,BITO
2025-10-27,17.066064834594727,BITO
2025-10-28,16.87674331665039,BITO
2025-10-29,16.40794563293457,BITO
2025-10-30,15.812933921813965,BITO
2025-10-31,16.299760818481445,BITO
2025-11-03,15.806286811828613,BITO
2025-11-04,14.917656898498535,BITO
2025-11-05,15.399786949157715,BITO
2025-11-06,14.946017265319824,BITO
2025-11-07,15.37142562866211,BITO
2025-11-10,15.702299118041992,BITO
2025-11-11,15.220170021057129,BITO
2025-11-12,15.021645545959473,BITO
2025-11-13,14.501702308654785,BITO
2025-11-14,13.943943977355957,BITO
2025-11-17,13.584710121154785,BITO
2025-11-18,13.726513862609863,BITO
2025-11-19,13.244383811950684,BITO
2025-11-20,12.790614128112793,BITO
2025-11-21,12.516462326049805,BITO
2025-11-24,13.187662124633789,BITO
2025-11-25,12.9135103225708,BITO
2025-11-26,13.301104545593262,BITO
2025-11-28,13.423999786376953,BITO
2025-12-01,12.630000114440918,BITO
2025-12-02,13.460000038146973,BITO
2025-12-03,13.729999542236328,BITO
2025-12-04,13.670000076293945,BITO
2025-12-05,13.210000038146973,BITO
2025-12-08,13.399999618530273,BITO
2025-12-09,13.75,BITO
2025-12-10,13.65999984741211,BITO
2025-12-11,13.503899574279785,BITO
